{
  "project_info": {
    "project_number": "397838952534",
    "project_id": "first-cloud-application-4d2b8",
    "storage_bucket": "first-cloud-application-4d2b8.appspot.com"
  },
  "client": [
    {
      "client_info": {
        "mobilesdk_app_id": "1:397838952534:android:7a0c6c50bdb47fd1b133f7",
        "android_client_info": {
          "package_name": "com.example.cloud"
        }
      },
      "oauth_client": [
        {
          "client_id": "397838952534-uupni14hhfqpt30382ae5tc2dsco83u5.apps.googleusercontent.com",
          "client_type": 3
        }
      ],
      "api_key": [
        {
          "current_key": "AIzaSyBTLhT8jXEGUkD9eQSjCrMAgG85V03LqBk"
        }
      ],
      "services": {
        "appinvite_service": {
          "other_platform_oauth_client": [
            {
              "client_id": "397838952534-uupni14hhfqpt30382ae5tc2dsco83u5.apps.googleusercontent.com",
              "client_type": 3
            }
          ]
        }
      }
    },
    {
      "client_info": {
        "mobilesdk_app_id": "1:397838952534:android:0e13c60a99032ff5b133f7",
        "android_client_info": {
          "package_name": "com.example.cloudApplication"
        }
      },
      "oauth_client": [
        {
          "client_id": "397838952534-uupni14hhfqpt30382ae5tc2dsco83u5.apps.googleusercontent.com",
          "client_type": 3
        }
      ],
      "api_key": [
        {
          "current_key": "AIzaSyBTLhT8jXEGUkD9eQSjCrMAgG85V03LqBk"
        }
      ],
      "services": {
        "appinvite_service": {
          "other_platform_oauth_client": [
            {
              "client_id": "397838952534-uupni14hhfqpt30382ae5tc2dsco83u5.apps.googleusercontent.com",
              "client_type": 3
            }
          ]
        }
      }
    },
    {
      "client_info": {
        "mobilesdk_app_id": "1:397838952534:android:5e1a4888984ae957b133f7",
        "android_client_info": {
          "package_name": "com.example.cloudapplication"
        }
      },
      "oauth_client": [
        {
          "client_id": "397838952534-uupni14hhfqpt30382ae5tc2dsco83u5.apps.googleusercontent.com",
          "client_type": 3
        }
      ],
      "api_key": [
        {
          "current_key": "AIzaSyBTLhT8jXEGUkD9eQSjCrMAgG85V03LqBk"
        }
      ],
      "services": {
        "appinvite_service": {
          "other_platform_oauth_client": [
            {
              "client_id": "397838952534-uupni14hhfqpt30382ae5tc2dsco83u5.apps.googleusercontent.com",
              "client_type": 3
            }
          ]
        }
      }
    }
  ],
  "configuration_version": "1"
}